"","M2","df","p","RMSEA","RMSEA_5","RMSEA_95","SRMSR","TLI","CFI"
"GPCM",39937.3409101966,2079,0,0.0781971990769518,0.0775150922320752,0.0788549974168554,0.0639933484694873,0.96925716683941,0.970203100167428
