"","M2","df","p","RMSEA","RMSEA_5","RMSEA_95","SRMSR","TLI","CFI"
"GRM",40543.3837247265,2079,0,0.078820611148141,0.0781385339363029,0.0794781571366106,0.0512806006077585,0.968765696923742,0.969726752403011
