"","M2","df","p","RMSEA","RMSEA_5","RMSEA_95","SRMSR","TLI","CFI"
"PCM",51392.8226557314,2144,0,0.0878260173299834,0.0871542347528731,0.0884700153529122,0.11705486423906,0.961219994037851,0.96123807329471
